Afar,aa,aawiki,http://dumps.wikimedia.org/aawiki/latest/aawiki-latest-pages-articles.xml.bz2,01-May-2016,33620
Abkhazian,ab,abwiki,http://dumps.wikimedia.org/abwiki/latest/abwiki-latest-pages-articles.xml.bz2,01-May-2016,674985
Acehnese,ace,acewiki,http://dumps.wikimedia.org/acewiki/latest/acewiki-latest-pages-articles.xml.bz2,01-May-2016,1866220
Afrikaans,af,afwiki,http://dumps.wikimedia.org/afwiki/latest/afwiki-latest-pages-articles.xml.bz2,01-May-2016,51656957
Akan,ak,akwiki,http://dumps.wikimedia.org/akwiki/latest/akwiki-latest-pages-articles.xml.bz2,01-May-2016,210151
Alemannic,als,alswiki,http://dumps.wikimedia.org/alswiki/latest/alswiki-latest-pages-articles.xml.bz2,01-May-2016,35900623
Amharic,am,amwiki,http://dumps.wikimedia.org/amwiki/latest/amwiki-latest-pages-articles.xml.bz2,01-May-2016,4852414
Anglo-Saxon,ang,angwiki,http://dumps.wikimedia.org/angwiki/latest/angwiki-latest-pages-articles.xml.bz2,01-May-2016,3243283
Aragonese,an,anwiki,http://dumps.wikimedia.org/anwiki/latest/anwiki-latest-pages-articles.xml.bz2,01-May-2016,25802576
Aramaic,arc,arcwiki,http://dumps.wikimedia.org/arcwiki/latest/arcwiki-latest-pages-articles.xml.bz2,01-May-2016,802308
Arabic,ar,arwiki,http://dumps.wikimedia.org/arwiki/latest/arwiki-latest-pages-articles.xml.bz2,01-May-2016,485913625
Egyptian Arabic,arz,arzwiki,http://dumps.wikimedia.org/arzwiki/latest/arzwiki-latest-pages-articles.xml.bz2,01-May-2016,13693716
Asturian,ast,astwiki,http://dumps.wikimedia.org/astwiki/latest/astwiki-latest-pages-articles.xml.bz2,01-May-2016,53350784
Assamese,as,aswiki,http://dumps.wikimedia.org/aswiki/latest/aswiki-latest-pages-articles.xml.bz2,01-May-2016,15905926
Avar,av,avwiki,http://dumps.wikimedia.org/avwiki/latest/avwiki-latest-pages-articles.xml.bz2,01-May-2016,3213652
Aymara,ay,aywiki,http://dumps.wikimedia.org/aywiki/latest/aywiki-latest-pages-articles.xml.bz2,01-May-2016,1440493
Azerbaijani,az,azwiki,http://dumps.wikimedia.org/azwiki/latest/azwiki-latest-pages-articles.xml.bz2,01-May-2016,97495096
Bavarian,bar,barwiki,http://dumps.wikimedia.org/barwiki/latest/barwiki-latest-pages-articles.xml.bz2,01-May-2016,20704555
Samogitian,bat-smg,bat_smgwiki,http://dumps.wikimedia.org/bat_smgwiki/latest/bat_smgwiki-latest-pages-articles.xml.bz2,01-May-2016,3553578
Bashkir,ba,bawiki,http://dumps.wikimedia.org/bawiki/latest/bawiki-latest-pages-articles.xml.bz2,01-May-2016,26190252
Central Bicolano,bcl,bclwiki,http://dumps.wikimedia.org/bclwiki/latest/bclwiki-latest-pages-articles.xml.bz2,01-May-2016,3113545
Belarusian,be,bewiki,http://dumps.wikimedia.org/bewiki/latest/bewiki-latest-pages-articles.xml.bz2,01-May-2016,122547378
Belarusian (Tara_kievica),be-x-old,be_x_oldwiki,http://dumps.wikimedia.org/be_x_oldwiki/latest/be_x_oldwiki-latest-pages-articles.xml.bz2,01-May-2016,59636680
Bulgarian,bg,bgwiki,http://dumps.wikimedia.org/bgwiki/latest/bgwiki-latest-pages-articles.xml.bz2,01-May-2016,262422744
Bhojpuri,bh,bhwiki,http://dumps.wikimedia.org/bhwiki/latest/bhwiki-latest-pages-articles.xml.bz2,01-May-2016,5412852
Bislama,bi,biwiki,http://dumps.wikimedia.org/biwiki/latest/biwiki-latest-pages-articles.xml.bz2,01-May-2016,237698
Banjar,bjn,bjnwiki,http://dumps.wikimedia.org/bjnwiki/latest/bjnwiki-latest-pages-articles.xml.bz2,01-May-2016,1781538
Bambara,bm,bmwiki,http://dumps.wikimedia.org/bmwiki/latest/bmwiki-latest-pages-articles.xml.bz2,01-May-2016,344479
Bengali,bn,bnwiki,http://dumps.wikimedia.org/bnwiki/latest/bnwiki-latest-pages-articles.xml.bz2,01-May-2016,83902016
Tibetan,bo,bowiki,http://dumps.wikimedia.org/bowiki/latest/bowiki-latest-pages-articles.xml.bz2,01-May-2016,6086152
Bishnupriya Manipuri,bpy,bpywiki,http://dumps.wikimedia.org/bpywiki/latest/bpywiki-latest-pages-articles.xml.bz2,01-May-2016,4507061
Breton,br,brwiki,http://dumps.wikimedia.org/brwiki/latest/brwiki-latest-pages-articles.xml.bz2,01-May-2016,39183900
Bosnian,bs,bswiki,http://dumps.wikimedia.org/bswiki/latest/bswiki-latest-pages-articles.xml.bz2,01-May-2016,82616818
Buginese,bug,bugwiki,http://dumps.wikimedia.org/bugwiki/latest/bugwiki-latest-pages-articles.xml.bz2,01-May-2016,1518632
Buryat,bxr,bxrwiki,http://dumps.wikimedia.org/bxrwiki/latest/bxrwiki-latest-pages-articles.xml.bz2,01-May-2016,2498264
Catalan,ca,cawiki,http://dumps.wikimedia.org/cawiki/latest/cawiki-latest-pages-articles.xml.bz2,01-May-2016,663114285
Chavacano,cbk-zam,cbk_zamwiki,http://dumps.wikimedia.org/cbk_zamwiki/latest/cbk_zamwiki-latest-pages-articles.xml.bz2,01-May-2016,1942277
Min Dong,cdo,cdowiki,http://dumps.wikimedia.org/cdowiki/latest/cdowiki-latest-pages-articles.xml.bz2,01-May-2016,1512498
Cebuano,ceb,cebwiki,http://dumps.wikimedia.org/cebwiki/latest/cebwiki-latest-pages-articles.xml.bz2,01-May-2016,449171591
Chechen,ce,cewiki,http://dumps.wikimedia.org/cewiki/latest/cewiki-latest-pages-articles.xml.bz2,01-May-2016,27000275
Choctaw,cho,chowiki,http://dumps.wikimedia.org/chowiki/latest/chowiki-latest-pages-articles.xml.bz2,01-May-2016,16704
Cherokee,chr,chrwiki,http://dumps.wikimedia.org/chrwiki/latest/chrwiki-latest-pages-articles.xml.bz2,01-May-2016,1361352
Chamorro,ch,chwiki,http://dumps.wikimedia.org/chwiki/latest/chwiki-latest-pages-articles.xml.bz2,01-May-2016,613843
Cheyenne,chy,chywiki,http://dumps.wikimedia.org/chywiki/latest/chywiki-latest-pages-articles.xml.bz2,01-May-2016,252272
Sorani,ckb,ckbwiki,http://dumps.wikimedia.org/ckbwiki/latest/ckbwiki-latest-pages-articles.xml.bz2,01-May-2016,14462548
Corsican,co,cowiki,http://dumps.wikimedia.org/cowiki/latest/cowiki-latest-pages-articles.xml.bz2,01-May-2016,2716139
Crimean Tatar,crh,crhwiki,http://dumps.wikimedia.org/crhwiki/latest/crhwiki-latest-pages-articles.xml.bz2,01-May-2016,1840585
Cree,cr,crwiki,http://dumps.wikimedia.org/crwiki/latest/crwiki-latest-pages-articles.xml.bz2,01-May-2016,247318
Kashubian,csb,csbwiki,http://dumps.wikimedia.org/csbwiki/latest/csbwiki-latest-pages-articles.xml.bz2,01-May-2016,1553531
Czech,cs,cswiki,http://dumps.wikimedia.org/cswiki/latest/cswiki-latest-pages-articles.xml.bz2,01-May-2016,575999929
Old Church Slavonic,cu,cuwiki,http://dumps.wikimedia.org/cuwiki/latest/cuwiki-latest-pages-articles.xml.bz2,01-May-2016,472849
Chuvash,cv,cvwiki,http://dumps.wikimedia.org/cvwiki/latest/cvwiki-latest-pages-articles.xml.bz2,01-May-2016,14698283
Welsh,cy,cywiki,http://dumps.wikimedia.org/cywiki/latest/cywiki-latest-pages-articles.xml.bz2,01-May-2016,38273740
Danish,da,dawiki,http://dumps.wikimedia.org/dawiki/latest/dawiki-latest-pages-articles.xml.bz2,01-May-2016,248394002
German,de,dewiki,http://dumps.wikimedia.org/dewiki/latest/dewiki-latest-pages-articles.xml.bz2,02-May-2016,4148082652
German,de,dewiki,http://dumps.wikimedia.org/dewiki/latest/dewiki-latest-pages-articles1.xml-p000000001p000425449.bz2,01-May-2016,540546867
German,de,dewiki,http://dumps.wikimedia.org/dewiki/latest/dewiki-latest-pages-articles2.xml-p000425451p001877043.bz2,01-May-2016,722090339
German,de,dewiki,http://dumps.wikimedia.org/dewiki/latest/dewiki-latest-pages-articles3.xml-p001877053p004964499.bz2,01-May-2016,1064486111
German,de,dewiki,http://dumps.wikimedia.org/dewiki/latest/dewiki-latest-pages-articles4.xml-p004964505p009436939.bz2,02-May-2016,1821068951
Zazaki,diq,diqwiki,http://dumps.wikimedia.org/diqwiki/latest/diqwiki-latest-pages-articles.xml.bz2,01-May-2016,5599982
Lower Sorbian,dsb,dsbwiki,http://dumps.wikimedia.org/dsbwiki/latest/dsbwiki-latest-pages-articles.xml.bz2,01-May-2016,3177019
Divehi,dv,dvwiki,http://dumps.wikimedia.org/dvwiki/latest/dvwiki-latest-pages-articles.xml.bz2,01-May-2016,4047662
Dzongkha,dz,dzwiki,http://dumps.wikimedia.org/dzwiki/latest/dzwiki-latest-pages-articles.xml.bz2,01-May-2016,207432
Ewe,ee,eewiki,http://dumps.wikimedia.org/eewiki/latest/eewiki-latest-pages-articles.xml.bz2,01-May-2016,373600
Greek,el,elwiki,http://dumps.wikimedia.org/elwiki/latest/elwiki-latest-pages-articles.xml.bz2,01-May-2016,229090522
Emilian-Romagnol,eml,emlwiki,http://dumps.wikimedia.org/emlwiki/latest/emlwiki-latest-pages-articles.xml.bz2,01-May-2016,5147131
English,en,enwiki,http://dumps.wikimedia.org/enwiki/latest/enwiki-latest-pages-articles.xml.bz2,03-May-2016,12896598324
English,en,enwiki,http://dumps.wikimedia.org/enwiki/latest/enwiki-latest-pages-articles1.xml-p000000010p000030302.bz2,02-May-2016,156556483
English,en,enwiki,http://dumps.wikimedia.org/enwiki/latest/enwiki-latest-pages-articles10.xml-p002336425p003046511.bz2,02-May-2016,332645484
English,en,enwiki,http://dumps.wikimedia.org/enwiki/latest/enwiki-latest-pages-articles11.xml-p003046513p003926861.bz2,03-May-2016,353971933
English,en,enwiki,http://dumps.wikimedia.org/enwiki/latest/enwiki-latest-pages-articles12.xml-p003926864p005040435.bz2,03-May-2016,368480865
English,en,enwiki,http://dumps.wikimedia.org/enwiki/latest/enwiki-latest-pages-articles13.xml-p005040438p006197593.bz2,03-May-2016,363442251
English,en,enwiki,http://dumps.wikimedia.org/enwiki/latest/enwiki-latest-pages-articles14.xml-p006197599p007744799.bz2,03-May-2016,378291227
English,en,enwiki,http://dumps.wikimedia.org/enwiki/latest/enwiki-latest-pages-articles15.xml-p007744803p009518046.bz2,03-May-2016,408551075
English,en,enwiki,http://dumps.wikimedia.org/enwiki/latest/enwiki-latest-pages-articles16.xml-p009518059p011539266.bz2,03-May-2016,402842017
English,en,enwiki,http://dumps.wikimedia.org/enwiki/latest/enwiki-latest-pages-articles17.xml-p011539268p013693066.bz2,03-May-2016,490283251
English,en,enwiki,http://dumps.wikimedia.org/enwiki/latest/enwiki-latest-pages-articles18.xml-p013693075p016120541.bz2,03-May-2016,518223020
English,en,enwiki,http://dumps.wikimedia.org/enwiki/latest/enwiki-latest-pages-articles19.xml-p016120548p018754723.bz2,03-May-2016,508370885
English,en,enwiki,http://dumps.wikimedia.org/enwiki/latest/enwiki-latest-pages-articles2.xml-p000030304p000088444.bz2,02-May-2016,183972251
English,en,enwiki,http://dumps.wikimedia.org/enwiki/latest/enwiki-latest-pages-articles20.xml-p018754736p021222156.bz2,03-May-2016,497462485
English,en,enwiki,http://dumps.wikimedia.org/enwiki/latest/enwiki-latest-pages-articles21.xml-p021222161p023927980.bz2,03-May-2016,595552260
English,en,enwiki,http://dumps.wikimedia.org/enwiki/latest/enwiki-latest-pages-articles22.xml-p023927984p026823658.bz2,03-May-2016,631599260
English,en,enwiki,http://dumps.wikimedia.org/enwiki/latest/enwiki-latest-pages-articles23.xml-p026823661p030503448.bz2,03-May-2016,719579895
English,en,enwiki,http://dumps.wikimedia.org/enwiki/latest/enwiki-latest-pages-articles24.xml-p030503454p033952815.bz2,03-May-2016,783826646
English,en,enwiki,http://dumps.wikimedia.org/enwiki/latest/enwiki-latest-pages-articles25.xml-p033952817p038067198.bz2,03-May-2016,848656877
English,en,enwiki,http://dumps.wikimedia.org/enwiki/latest/enwiki-latest-pages-articles26.xml-p038067204p042663461.bz2,03-May-2016,974787929
English,en,enwiki,http://dumps.wikimedia.org/enwiki/latest/enwiki-latest-pages-articles27.xml-p042663464p050380863.bz2,03-May-2016,1404375491
English,en,enwiki,http://dumps.wikimedia.org/enwiki/latest/enwiki-latest-pages-articles3.xml-p000088445p000200507.bz2,02-May-2016,235989568
English,en,enwiki,http://dumps.wikimedia.org/enwiki/latest/enwiki-latest-pages-articles4.xml-p000200511p000352689.bz2,02-May-2016,243069957
English,en,enwiki,http://dumps.wikimedia.org/enwiki/latest/enwiki-latest-pages-articles5.xml-p000352690p000565312.bz2,02-May-2016,266552268
English,en,enwiki,http://dumps.wikimedia.org/enwiki/latest/enwiki-latest-pages-articles6.xml-p000565314p000892912.bz2,02-May-2016,288240331
English,en,enwiki,http://dumps.wikimedia.org/enwiki/latest/enwiki-latest-pages-articles7.xml-p000892914p001268691.bz2,02-May-2016,297871445
English,en,enwiki,http://dumps.wikimedia.org/enwiki/latest/enwiki-latest-pages-articles8.xml-p001268693p001791079.bz2,02-May-2016,326380371
English,en,enwiki,http://dumps.wikimedia.org/enwiki/latest/enwiki-latest-pages-articles9.xml-p001791081p002336422.bz2,02-May-2016,317340896
Esperanto,eo,eowiki,http://dumps.wikimedia.org/eowiki/latest/eowiki-latest-pages-articles.xml.bz2,01-May-2016,194941844
Spanish,es,eswiki,http://dumps.wikimedia.org/eswiki/latest/eswiki-latest-pages-articles.xml.bz2,02-May-2016,2363738065
Spanish,es,eswiki,http://dumps.wikimedia.org/eswiki/latest/eswiki-latest-pages-articles1.xml-p000000005p000229076.bz2,01-May-2016,271445169
Spanish,es,eswiki,http://dumps.wikimedia.org/eswiki/latest/eswiki-latest-pages-articles2.xml-p000229079p001083449.bz2,01-May-2016,413024934
Spanish,es,eswiki,http://dumps.wikimedia.org/eswiki/latest/eswiki-latest-pages-articles3.xml-p001083458p003407509.bz2,01-May-2016,592868096
Spanish,es,eswiki,http://dumps.wikimedia.org/eswiki/latest/eswiki-latest-pages-articles4.xml-p003407510p007395497.bz2,01-May-2016,1086356207
Estonian,et,etwiki,http://dumps.wikimedia.org/etwiki/latest/etwiki-latest-pages-articles.xml.bz2,01-May-2016,141275010
Basque,eu,euwiki,http://dumps.wikimedia.org/euwiki/latest/euwiki-latest-pages-articles.xml.bz2,01-May-2016,140533924
Extremaduran,ext,extwiki,http://dumps.wikimedia.org/extwiki/latest/extwiki-latest-pages-articles.xml.bz2,01-May-2016,2018409
Persian,fa,fawiki,http://dumps.wikimedia.org/fawiki/latest/fawiki-latest-pages-articles.xml.bz2,01-May-2016,451801457
Fula,ff,ffwiki,http://dumps.wikimedia.org/ffwiki/latest/ffwiki-latest-pages-articles.xml.bz2,01-May-2016,226030
V_ro,fiu-vro,fiu_vrowiki,http://dumps.wikimedia.org/fiu_vrowiki/latest/fiu_vrowiki-latest-pages-articles.xml.bz2,01-May-2016,1695478
Finnish,fi,fiwiki,http://dumps.wikimedia.org/fiwiki/latest/fiwiki-latest-pages-articles.xml.bz2,01-May-2016,513357927
Fijian,fj,fjwiki,http://dumps.wikimedia.org/fjwiki/latest/fjwiki-latest-pages-articles.xml.bz2,01-May-2016,174250
Faroese,fo,fowiki,http://dumps.wikimedia.org/fowiki/latest/fowiki-latest-pages-articles.xml.bz2,01-May-2016,11394543
Franco-Provençal,frp,frpwiki,http://dumps.wikimedia.org/frpwiki/latest/frpwiki-latest-pages-articles.xml.bz2,01-May-2016,1196337
North Frisian,frr,frrwiki,http://dumps.wikimedia.org/frrwiki/latest/frrwiki-latest-pages-articles.xml.bz2,01-May-2016,4163389
French,fr,frwiki,http://dumps.wikimedia.org/frwiki/latest/frwiki-latest-pages-articles.xml.bz2,02-May-2016,3339544585
French,fr,frwiki,http://dumps.wikimedia.org/frwiki/latest/frwiki-latest-pages-articles1.xml-p000000003p000412300.bz2,01-May-2016,538452830
French,fr,frwiki,http://dumps.wikimedia.org/frwiki/latest/frwiki-latest-pages-articles2.xml-p000412304p001647873.bz2,01-May-2016,645575741
French,fr,frwiki,http://dumps.wikimedia.org/frwiki/latest/frwiki-latest-pages-articles3.xml-p001647919p004419859.bz2,01-May-2016,759834079
French,fr,frwiki,http://dumps.wikimedia.org/frwiki/latest/frwiki-latest-pages-articles4.xml-p004419860p009976942.bz2,02-May-2016,1395508551
Friulian,fur,furwiki,http://dumps.wikimedia.org/furwiki/latest/furwiki-latest-pages-articles.xml.bz2,01-May-2016,1980549
West Frisian,fy,fywiki,http://dumps.wikimedia.org/fywiki/latest/fywiki-latest-pages-articles.xml.bz2,01-May-2016,30534641
Gagauz,gag,gagwiki,http://dumps.wikimedia.org/gagwiki/latest/gagwiki-latest-pages-articles.xml.bz2,01-May-2016,1909690
Gan,gan,ganwiki,http://dumps.wikimedia.org/ganwiki/latest/ganwiki-latest-pages-articles.xml.bz2,01-May-2016,3111528
Irish,ga,gawiki,http://dumps.wikimedia.org/gawiki/latest/gawiki-latest-pages-articles.xml.bz2,01-May-2016,16577504
Scottish Gaelic,gd,gdwiki,http://dumps.wikimedia.org/gdwiki/latest/gdwiki-latest-pages-articles.xml.bz2,01-May-2016,6596541
Gilaki,glk,glkwiki,http://dumps.wikimedia.org/glkwiki/latest/glkwiki-latest-pages-articles.xml.bz2,01-May-2016,1800471
Galician,gl,glwiki,http://dumps.wikimedia.org/glwiki/latest/glwiki-latest-pages-articles.xml.bz2,01-May-2016,165860587
Guarani,gn,gnwiki,http://dumps.wikimedia.org/gnwiki/latest/gnwiki-latest-pages-articles.xml.bz2,01-May-2016,2327207
Goan Konkani,gom,gomwiki,http://dumps.wikimedia.org/gomwiki/latest/gomwiki-latest-pages-articles.xml.bz2,01-May-2016,4547311
Gothic,got,gotwiki,http://dumps.wikimedia.org/gotwiki/latest/gotwiki-latest-pages-articles.xml.bz2,01-May-2016,414162
Gujarati,gu,guwiki,http://dumps.wikimedia.org/guwiki/latest/guwiki-latest-pages-articles.xml.bz2,01-May-2016,22645354
Manx,gv,gvwiki,http://dumps.wikimedia.org/gvwiki/latest/gvwiki-latest-pages-articles.xml.bz2,01-May-2016,4806941
Hakka,hak,hakwiki,http://dumps.wikimedia.org/hakwiki/latest/hakwiki-latest-pages-articles.xml.bz2,01-May-2016,2110146
Hausa,ha,hawiki,http://dumps.wikimedia.org/hawiki/latest/hawiki-latest-pages-articles.xml.bz2,01-May-2016,652603
Hawaiian,haw,hawwiki,http://dumps.wikimedia.org/hawwiki/latest/hawwiki-latest-pages-articles.xml.bz2,01-May-2016,432874
Hebrew,he,hewiki,http://dumps.wikimedia.org/hewiki/latest/hewiki-latest-pages-articles.xml.bz2,01-May-2016,430929732
Fiji Hindi,hif,hifwiki,http://dumps.wikimedia.org/hifwiki/latest/hifwiki-latest-pages-articles.xml.bz2,01-May-2016,3713944
Hindi,hi,hiwiki,http://dumps.wikimedia.org/hiwiki/latest/hiwiki-latest-pages-articles.xml.bz2,01-May-2016,100694695
Hiri Motu,ho,howiki,http://dumps.wikimedia.org/howiki/latest/howiki-latest-pages-articles.xml.bz2,01-May-2016,8711
Croatian,hr,hrwiki,http://dumps.wikimedia.org/hrwiki/latest/hrwiki-latest-pages-articles.xml.bz2,01-May-2016,202509246
Upper Sorbian,hsb,hsbwiki,http://dumps.wikimedia.org/hsbwiki/latest/hsbwiki-latest-pages-articles.xml.bz2,01-May-2016,7725883
Haitian,ht,htwiki,http://dumps.wikimedia.org/htwiki/latest/htwiki-latest-pages-articles.xml.bz2,01-May-2016,5297132
Hungarian,hu,huwiki,http://dumps.wikimedia.org/huwiki/latest/huwiki-latest-pages-articles.xml.bz2,01-May-2016,637575746
Armenian,hy,hywiki,http://dumps.wikimedia.org/hywiki/latest/hywiki-latest-pages-articles.xml.bz2,01-May-2016,154564655
Herero,hz,hzwiki,http://dumps.wikimedia.org/hzwiki/latest/hzwiki-latest-pages-articles.xml.bz2,01-May-2016,6671
Interlingua,ia,iawiki,http://dumps.wikimedia.org/iawiki/latest/iawiki-latest-pages-articles.xml.bz2,01-May-2016,6067544
Indonesian,id,idwiki,http://dumps.wikimedia.org/idwiki/latest/idwiki-latest-pages-articles.xml.bz2,01-May-2016,352781875
Interlingue,ie,iewiki,http://dumps.wikimedia.org/iewiki/latest/iewiki-latest-pages-articles.xml.bz2,01-May-2016,1138619
Igbo,ig,igwiki,http://dumps.wikimedia.org/igwiki/latest/igwiki-latest-pages-articles.xml.bz2,01-May-2016,622212
Sichuan Yi,ii,iiwiki,http://dumps.wikimedia.org/iiwiki/latest/iiwiki-latest-pages-articles.xml.bz2,01-May-2016,22191
Inupiak,ik,ikwiki,http://dumps.wikimedia.org/ikwiki/latest/ikwiki-latest-pages-articles.xml.bz2,01-May-2016,184164
Ilokano,ilo,ilowiki,http://dumps.wikimedia.org/ilowiki/latest/ilowiki-latest-pages-articles.xml.bz2,01-May-2016,10889265
Ido,io,iowiki,http://dumps.wikimedia.org/iowiki/latest/iowiki-latest-pages-articles.xml.bz2,01-May-2016,9758484
Icelandic,is,iswiki,http://dumps.wikimedia.org/iswiki/latest/iswiki-latest-pages-articles.xml.bz2,01-May-2016,33159540
Italian,it,itwiki,http://dumps.wikimedia.org/itwiki/latest/itwiki-latest-pages-articles.xml.bz2,01-May-2016,2174496166
Italian,it,itwiki,http://dumps.wikimedia.org/itwiki/latest/itwiki-latest-pages-articles1.xml-p000000002p000442893.bz2,01-May-2016,300907342
Italian,it,itwiki,http://dumps.wikimedia.org/itwiki/latest/itwiki-latest-pages-articles2.xml-p000442894p001492776.bz2,01-May-2016,417571941
Italian,it,itwiki,http://dumps.wikimedia.org/itwiki/latest/itwiki-latest-pages-articles3.xml-p001492777p002874472.bz2,01-May-2016,515947236
Italian,it,itwiki,http://dumps.wikimedia.org/itwiki/latest/itwiki-latest-pages-articles4.xml-p002874482p005926680.bz2,01-May-2016,940009749
Inuktitut,iu,iuwiki,http://dumps.wikimedia.org/iuwiki/latest/iuwiki-latest-pages-articles.xml.bz2,01-May-2016,210186
Japanese,ja,jawiki,http://dumps.wikimedia.org/jawiki/latest/jawiki-latest-pages-articles.xml.bz2,01-May-2016,2299538604
Japanese,ja,jawiki,http://dumps.wikimedia.org/jawiki/latest/jawiki-latest-pages-articles1.xml.bz2,01-May-2016,341670957
Japanese,ja,jawiki,http://dumps.wikimedia.org/jawiki/latest/jawiki-latest-pages-articles2.xml.bz2,01-May-2016,415496309
Japanese,ja,jawiki,http://dumps.wikimedia.org/jawiki/latest/jawiki-latest-pages-articles3.xml.bz2,01-May-2016,549500266
Japanese,ja,jawiki,http://dumps.wikimedia.org/jawiki/latest/jawiki-latest-pages-articles4.xml.bz2,01-May-2016,993071714
Lojban,jbo,jbowiki,http://dumps.wikimedia.org/jbowiki/latest/jbowiki-latest-pages-articles.xml.bz2,01-May-2016,912351
Javanese,jv,jvwiki,http://dumps.wikimedia.org/jvwiki/latest/jvwiki-latest-pages-articles.xml.bz2,01-May-2016,32125676
Karakalpak,kaa,kaawiki,http://dumps.wikimedia.org/kaawiki/latest/kaawiki-latest-pages-articles.xml.bz2,01-May-2016,1191574
Kabyle,kab,kabwiki,http://dumps.wikimedia.org/kabwiki/latest/kabwiki-latest-pages-articles.xml.bz2,01-May-2016,2795079
Georgian,ka,kawiki,http://dumps.wikimedia.org/kawiki/latest/kawiki-latest-pages-articles.xml.bz2,01-May-2016,92975662
Kabardian,kbd,kbdwiki,http://dumps.wikimedia.org/kbdwiki/latest/kbdwiki-latest-pages-articles.xml.bz2,01-May-2016,1450839
Kongo,kg,kgwiki,http://dumps.wikimedia.org/kgwiki/latest/kgwiki-latest-pages-articles.xml.bz2,01-May-2016,354039
Kikuyu,ki,kiwiki,http://dumps.wikimedia.org/kiwiki/latest/kiwiki-latest-pages-articles.xml.bz2,01-May-2016,273884
Kuanyama,kj,kjwiki,http://dumps.wikimedia.org/kjwiki/latest/kjwiki-latest-pages-articles.xml.bz2,01-May-2016,6927
Kazakh,kk,kkwiki,http://dumps.wikimedia.org/kkwiki/latest/kkwiki-latest-pages-articles.xml.bz2,01-May-2016,99336420
Greenlandic,kl,klwiki,http://dumps.wikimedia.org/klwiki/latest/klwiki-latest-pages-articles.xml.bz2,01-May-2016,724339
Khmer,km,kmwiki,http://dumps.wikimedia.org/kmwiki/latest/kmwiki-latest-pages-articles.xml.bz2,01-May-2016,18895133
Kannada,kn,knwiki,http://dumps.wikimedia.org/knwiki/latest/knwiki-latest-pages-articles.xml.bz2,01-May-2016,58149543
Komi-Permyak,koi,koiwiki,http://dumps.wikimedia.org/koiwiki/latest/koiwiki-latest-pages-articles.xml.bz2,01-May-2016,1827903
Korean,ko,kowiki,http://dumps.wikimedia.org/kowiki/latest/kowiki-latest-pages-articles.xml.bz2,01-May-2016,442711326
Karachay-Balkar,krc,krcwiki,http://dumps.wikimedia.org/krcwiki/latest/krcwiki-latest-pages-articles.xml.bz2,01-May-2016,2891659
Kanuri,kr,krwiki,http://dumps.wikimedia.org/krwiki/latest/krwiki-latest-pages-articles.xml.bz2,01-May-2016,4105
Ripuarian,ksh,kshwiki,http://dumps.wikimedia.org/kshwiki/latest/kshwiki-latest-pages-articles.xml.bz2,01-May-2016,2928682
Kashmiri,ks,kswiki,http://dumps.wikimedia.org/kswiki/latest/kswiki-latest-pages-articles.xml.bz2,01-May-2016,233001
Kurdish,ku,kuwiki,http://dumps.wikimedia.org/kuwiki/latest/kuwiki-latest-pages-articles.xml.bz2,01-May-2016,12444880
Komi,kv,kvwiki,http://dumps.wikimedia.org/kvwiki/latest/kvwiki-latest-pages-articles.xml.bz2,01-May-2016,2552611
Cornish,kw,kwwiki,http://dumps.wikimedia.org/kwwiki/latest/kwwiki-latest-pages-articles.xml.bz2,01-May-2016,1245048
Kirghiz,ky,kywiki,http://dumps.wikimedia.org/kywiki/latest/kywiki-latest-pages-articles.xml.bz2,01-May-2016,23287084
Ladino,lad,ladwiki,http://dumps.wikimedia.org/ladwiki/latest/ladwiki-latest-pages-articles.xml.bz2,01-May-2016,2095241
Latin,la,lawiki,http://dumps.wikimedia.org/lawiki/latest/lawiki-latest-pages-articles.xml.bz2,01-May-2016,67386001
Lak,lbe,lbewiki,http://dumps.wikimedia.org/lbewiki/latest/lbewiki-latest-pages-articles.xml.bz2,01-May-2016,849003
Luxembourgish,lb,lbwiki,http://dumps.wikimedia.org/lbwiki/latest/lbwiki-latest-pages-articles.xml.bz2,01-May-2016,35181001
Lezgian,lez,lezwiki,http://dumps.wikimedia.org/lezwiki/latest/lezwiki-latest-pages-articles.xml.bz2,01-May-2016,2981254
Luganda,lg,lgwiki,http://dumps.wikimedia.org/lgwiki/latest/lgwiki-latest-pages-articles.xml.bz2,01-May-2016,537867
Ligurian,lij,lijwiki,http://dumps.wikimedia.org/lijwiki/latest/lijwiki-latest-pages-articles.xml.bz2,01-May-2016,1868423
Limburgish,li,liwiki,http://dumps.wikimedia.org/liwiki/latest/liwiki-latest-pages-articles.xml.bz2,01-May-2016,10614059
Lombard,lmo,lmowiki,http://dumps.wikimedia.org/lmowiki/latest/lmowiki-latest-pages-articles.xml.bz2,01-May-2016,17432195
Lingala,ln,lnwiki,http://dumps.wikimedia.org/lnwiki/latest/lnwiki-latest-pages-articles.xml.bz2,01-May-2016,1228178
Lao,lo,lowiki,http://dumps.wikimedia.org/lowiki/latest/lowiki-latest-pages-articles.xml.bz2,01-May-2016,2114073
Northern Luri,lrc,lrcwiki,http://dumps.wikimedia.org/lrcwiki/latest/lrcwiki-latest-pages-articles.xml.bz2,01-May-2016,3692530
Latgalian,ltg,ltgwiki,http://dumps.wikimedia.org/ltgwiki/latest/ltgwiki-latest-pages-articles.xml.bz2,01-May-2016,656126
Lithuanian,lt,ltwiki,http://dumps.wikimedia.org/ltwiki/latest/ltwiki-latest-pages-articles.xml.bz2,01-May-2016,143068409
Latvian,lv,lvwiki,http://dumps.wikimedia.org/lvwiki/latest/lvwiki-latest-pages-articles.xml.bz2,01-May-2016,87289419
Maithili,mai,maiwiki,http://dumps.wikimedia.org/maiwiki/latest/maiwiki-latest-pages-articles.xml.bz2,01-May-2016,3194527
Banyumasan,map-bms,map_bmswiki,http://dumps.wikimedia.org/map_bmswiki/latest/map_bmswiki-latest-pages-articles.xml.bz2,01-May-2016,4003420
Moksha,mdf,mdfwiki,http://dumps.wikimedia.org/mdfwiki/latest/mdfwiki-latest-pages-articles.xml.bz2,01-May-2016,716898
Malagasy,mg,mgwiki,http://dumps.wikimedia.org/mgwiki/latest/mgwiki-latest-pages-articles.xml.bz2,01-May-2016,19646274
Meadow Mari,mhr,mhrwiki,http://dumps.wikimedia.org/mhrwiki/latest/mhrwiki-latest-pages-articles.xml.bz2,01-May-2016,4140918
Marshallese,mh,mhwiki,http://dumps.wikimedia.org/mhwiki/latest/mhwiki-latest-pages-articles.xml.bz2,01-May-2016,18357
Minangkabau,min,minwiki,http://dumps.wikimedia.org/minwiki/latest/minwiki-latest-pages-articles.xml.bz2,01-May-2016,18050570
Maori,mi,miwiki,http://dumps.wikimedia.org/miwiki/latest/miwiki-latest-pages-articles.xml.bz2,01-May-2016,1707624
Macedonian,mk,mkwiki,http://dumps.wikimedia.org/mkwiki/latest/mkwiki-latest-pages-articles.xml.bz2,01-May-2016,107135741
Malayalam,ml,mlwiki,http://dumps.wikimedia.org/mlwiki/latest/mlwiki-latest-pages-articles.xml.bz2,01-May-2016,76148716
Mongolian,mn,mnwiki,http://dumps.wikimedia.org/mnwiki/latest/mnwiki-latest-pages-articles.xml.bz2,01-May-2016,21554661
Moldavian,mo,mowiki,http://dumps.wikimedia.org/mowiki/latest/mowiki-latest-pages-articles.xml.bz2,01-May-2016,407309
Hill Mari,mrj,mrjwiki,http://dumps.wikimedia.org/mrjwiki/latest/mrjwiki-latest-pages-articles.xml.bz2,01-May-2016,2568364
Marathi,mr,mrwiki,http://dumps.wikimedia.org/mrwiki/latest/mrwiki-latest-pages-articles.xml.bz2,01-May-2016,34158945
Malay,ms,mswiki,http://dumps.wikimedia.org/mswiki/latest/mswiki-latest-pages-articles.xml.bz2,01-May-2016,147752313
Maltese,mt,mtwiki,http://dumps.wikimedia.org/mtwiki/latest/mtwiki-latest-pages-articles.xml.bz2,01-May-2016,7577374
Muscogee,mus,muswiki,http://dumps.wikimedia.org/muswiki/latest/muswiki-latest-pages-articles.xml.bz2,01-May-2016,4368
Mirandese,mwl,mwlwiki,http://dumps.wikimedia.org/mwlwiki/latest/mwlwiki-latest-pages-articles.xml.bz2,01-May-2016,7795605
Burmese,my,myvwiki,http://dumps.wikimedia.org/myvwiki/latest/myvwiki-latest-pages-articles.xml.bz2,01-May-2016,1742898
Erzya,myv,mywiki,http://dumps.wikimedia.org/mywiki/latest/mywiki-latest-pages-articles.xml.bz2,01-May-2016,24843606
Mazandarani,mzn,mznwiki,http://dumps.wikimedia.org/mznwiki/latest/mznwiki-latest-pages-articles.xml.bz2,01-May-2016,5333770
Nahuatl,nah,nahwiki,http://dumps.wikimedia.org/nahwiki/latest/nahwiki-latest-pages-articles.xml.bz2,01-May-2016,4482689
Neapolitan,nap,napwiki,http://dumps.wikimedia.org/napwiki/latest/napwiki-latest-pages-articles.xml.bz2,01-May-2016,4668719
Nauruan,na,nawiki,http://dumps.wikimedia.org/nawiki/latest/nawiki-latest-pages-articles.xml.bz2,01-May-2016,418485
Dutch Low Saxon,nds-nl,nds_nlwiki,http://dumps.wikimedia.org/nds_nlwiki/latest/nds_nlwiki-latest-pages-articles.xml.bz2,01-May-2016,6036228
Low Saxon,nds,ndswiki,http://dumps.wikimedia.org/ndswiki/latest/ndswiki-latest-pages-articles.xml.bz2,01-May-2016,23813430
Nepali,ne,newiki,http://dumps.wikimedia.org/newiki/latest/newiki-latest-pages-articles.xml.bz2,01-May-2016,21790276
Newar,new,newwiki,http://dumps.wikimedia.org/newwiki/latest/newwiki-latest-pages-articles.xml.bz2,01-May-2016,14760251
Ndonga,ng,ngwiki,http://dumps.wikimedia.org/ngwiki/latest/ngwiki-latest-pages-articles.xml.bz2,01-May-2016,83229
Dutch,nl,nlwiki,http://dumps.wikimedia.org/nlwiki/latest/nlwiki-latest-pages-articles.xml.bz2,01-May-2016,1153852209
Dutch,nl,nlwiki,http://dumps.wikimedia.org/nlwiki/latest/nlwiki-latest-pages-articles1.xml.bz2,01-May-2016,151281279
Dutch,nl,nlwiki,http://dumps.wikimedia.org/nlwiki/latest/nlwiki-latest-pages-articles2.xml.bz2,01-May-2016,181221265
Dutch,nl,nlwiki,http://dumps.wikimedia.org/nlwiki/latest/nlwiki-latest-pages-articles3.xml.bz2,01-May-2016,313633729
Dutch,nl,nlwiki,http://dumps.wikimedia.org/nlwiki/latest/nlwiki-latest-pages-articles4.xml.bz2,01-May-2016,507690213
Norwegian (Nynorsk),nn,nnwiki,http://dumps.wikimedia.org/nnwiki/latest/nnwiki-latest-pages-articles.xml.bz2,01-May-2016,96734343
Novial,nov,novwiki,http://dumps.wikimedia.org/novwiki/latest/novwiki-latest-pages-articles.xml.bz2,01-May-2016,929316
Norwegian (Bokmël),no,nowiki,http://dumps.wikimedia.org/nowiki/latest/nowiki-latest-pages-articles.xml.bz2,01-May-2016,482851108
Norman,nrm,nrmwiki,http://dumps.wikimedia.org/nrmwiki/latest/nrmwiki-latest-pages-articles.xml.bz2,01-May-2016,1206693
Northern Sotho,nso,nsowiki,http://dumps.wikimedia.org/nsowiki/latest/nsowiki-latest-pages-articles.xml.bz2,01-May-2016,1534787
Navajo,nv,nvwiki,http://dumps.wikimedia.org/nvwiki/latest/nvwiki-latest-pages-articles.xml.bz2,01-May-2016,1297032
Chichewa,ny,nywiki,http://dumps.wikimedia.org/nywiki/latest/nywiki-latest-pages-articles.xml.bz2,01-May-2016,267259
Occitan,oc,ocwiki,http://dumps.wikimedia.org/ocwiki/latest/ocwiki-latest-pages-articles.xml.bz2,01-May-2016,58800575
Oromo,om,omwiki,http://dumps.wikimedia.org/omwiki/latest/omwiki-latest-pages-articles.xml.bz2,01-May-2016,892995
Oriya,or,orwiki,http://dumps.wikimedia.org/orwiki/latest/orwiki-latest-pages-articles.xml.bz2,01-May-2016,15304918
Ossetian,os,oswiki,http://dumps.wikimedia.org/oswiki/latest/oswiki-latest-pages-articles.xml.bz2,01-May-2016,5294999
Pangasinan,pag,pagwiki,http://dumps.wikimedia.org/pagwiki/latest/pagwiki-latest-pages-articles.xml.bz2,01-May-2016,1076469
Kapampangan,pam,pamwiki,http://dumps.wikimedia.org/pamwiki/latest/pamwiki-latest-pages-articles.xml.bz2,01-May-2016,7888151
Papiamentu,pap,papwiki,http://dumps.wikimedia.org/papwiki/latest/papwiki-latest-pages-articles.xml.bz2,01-May-2016,1004215
Punjabi,pa,pawiki,http://dumps.wikimedia.org/pawiki/latest/pawiki-latest-pages-articles.xml.bz2,01-May-2016,22682292
Picard,pcd,pcdwiki,http://dumps.wikimedia.org/pcdwiki/latest/pcdwiki-latest-pages-articles.xml.bz2,01-May-2016,2842391
Pennsylvania German,pdc,pdcwiki,http://dumps.wikimedia.org/pdcwiki/latest/pdcwiki-latest-pages-articles.xml.bz2,01-May-2016,889070
Palatinate German,pfl,pflwiki,http://dumps.wikimedia.org/pflwiki/latest/pflwiki-latest-pages-articles.xml.bz2,01-May-2016,2480152
Norfolk,pih,pihwiki,http://dumps.wikimedia.org/pihwiki/latest/pihwiki-latest-pages-articles.xml.bz2,01-May-2016,492630
Pali,pi,piwiki,http://dumps.wikimedia.org/piwiki/latest/piwiki-latest-pages-articles.xml.bz2,01-May-2016,508441
Polish,pl,plwiki,http://dumps.wikimedia.org/plwiki/latest/plwiki-latest-pages-articles.xml.bz2,01-May-2016,1444306382
Polish,pl,plwiki,http://dumps.wikimedia.org/plwiki/latest/plwiki-latest-pages-articles1.xml.bz2,01-May-2016,187499559
Polish,pl,plwiki,http://dumps.wikimedia.org/plwiki/latest/plwiki-latest-pages-articles2.xml.bz2,01-May-2016,201966798
Polish,pl,plwiki,http://dumps.wikimedia.org/plwiki/latest/plwiki-latest-pages-articles3.xml.bz2,01-May-2016,352310590
Polish,pl,plwiki,http://dumps.wikimedia.org/plwiki/latest/plwiki-latest-pages-articles4.xml.bz2,01-May-2016,702649045
Piedmontese,pms,pmswiki,http://dumps.wikimedia.org/pmswiki/latest/pmswiki-latest-pages-articles.xml.bz2,01-May-2016,10978046
Western Punjabi,pnb,pnbwiki,http://dumps.wikimedia.org/pnbwiki/latest/pnbwiki-latest-pages-articles.xml.bz2,01-May-2016,10965526
Pontic,pnt,pntwiki,http://dumps.wikimedia.org/pntwiki/latest/pntwiki-latest-pages-articles.xml.bz2,01-May-2016,399122
Pashto,ps,pswiki,http://dumps.wikimedia.org/pswiki/latest/pswiki-latest-pages-articles.xml.bz2,01-May-2016,8672450
Portuguese,pt,ptwiki,http://dumps.wikimedia.org/ptwiki/latest/ptwiki-latest-pages-articles.xml.bz2,01-May-2016,1243759378
Portuguese,pt,ptwiki,http://dumps.wikimedia.org/ptwiki/latest/ptwiki-latest-pages-articles1.xml.bz2,01-May-2016,158612795
Portuguese,pt,ptwiki,http://dumps.wikimedia.org/ptwiki/latest/ptwiki-latest-pages-articles2.xml.bz2,01-May-2016,201924081
Portuguese,pt,ptwiki,http://dumps.wikimedia.org/ptwiki/latest/ptwiki-latest-pages-articles3.xml.bz2,01-May-2016,282990661
Portuguese,pt,ptwiki,http://dumps.wikimedia.org/ptwiki/latest/ptwiki-latest-pages-articles4.xml.bz2,01-May-2016,600215841
Quechua,qu,quwiki,http://dumps.wikimedia.org/quwiki/latest/quwiki-latest-pages-articles.xml.bz2,01-May-2016,9131957
Romansh,rm,rmwiki,http://dumps.wikimedia.org/rmwiki/latest/rmwiki-latest-pages-articles.xml.bz2,01-May-2016,3585011
Romani,rmy,rmywiki,http://dumps.wikimedia.org/rmywiki/latest/rmywiki-latest-pages-articles.xml.bz2,01-May-2016,436778
Kirundi,rn,rnwiki,http://dumps.wikimedia.org/rnwiki/latest/rnwiki-latest-pages-articles.xml.bz2,01-May-2016,229395
Aromanian,roa-rup,roa_rupwiki,http://dumps.wikimedia.org/roa_rupwiki/latest/roa_rupwiki-latest-pages-articles.xml.bz2,01-May-2016,653732
Tarantino,roa-tara,roa_tarawiki,http://dumps.wikimedia.org/roa_tarawiki/latest/roa_tarawiki-latest-pages-articles.xml.bz2,01-May-2016,5393680
Romanian,ro,rowiki,http://dumps.wikimedia.org/rowiki/latest/rowiki-latest-pages-articles.xml.bz2,01-May-2016,354151836
Rusyn,rue,ruewiki,http://dumps.wikimedia.org/ruewiki/latest/ruewiki-latest-pages-articles.xml.bz2,01-May-2016,1990361
Russian,ru,ruwiki,http://dumps.wikimedia.org/ruwiki/latest/ruwiki-latest-pages-articles.xml.bz2,02-May-2016,2823317663
Russian,ru,ruwiki,http://dumps.wikimedia.org/ruwiki/latest/ruwiki-latest-pages-articles1.xml-p000000004p000311181.bz2,01-May-2016,329221486
Russian,ru,ruwiki,http://dumps.wikimedia.org/ruwiki/latest/ruwiki-latest-pages-articles2.xml-p000311186p001453597.bz2,01-May-2016,474281430
Russian,ru,ruwiki,http://dumps.wikimedia.org/ruwiki/latest/ruwiki-latest-pages-articles3.xml-p001453604p003081524.bz2,01-May-2016,698005990
Russian,ru,ruwiki,http://dumps.wikimedia.org/ruwiki/latest/ruwiki-latest-pages-articles4.xml-p003081525p006366115.bz2,02-May-2016,1321666592
Kinyarwanda,rw,rwwiki,http://dumps.wikimedia.org/rwwiki/latest/rwwiki-latest-pages-articles.xml.bz2,01-May-2016,740243
Sakha,sah,sahwiki,http://dumps.wikimedia.org/sahwiki/latest/sahwiki-latest-pages-articles.xml.bz2,01-May-2016,8942896
Sanskrit,sa,sawiki,http://dumps.wikimedia.org/sawiki/latest/sawiki-latest-pages-articles.xml.bz2,01-May-2016,12087854
Sicilian,scn,scnwiki,http://dumps.wikimedia.org/scnwiki/latest/scnwiki-latest-pages-articles.xml.bz2,01-May-2016,10215103
Scots,sco,scowiki,http://dumps.wikimedia.org/scowiki/latest/scowiki-latest-pages-articles.xml.bz2,01-May-2016,37766198
Sardinian,sc,scwiki,http://dumps.wikimedia.org/scwiki/latest/scwiki-latest-pages-articles.xml.bz2,01-May-2016,3234363
Sindhi,sd,sdwiki,http://dumps.wikimedia.org/sdwiki/latest/sdwiki-latest-pages-articles.xml.bz2,01-May-2016,3562472
Northern Sami,se,sewiki,http://dumps.wikimedia.org/sewiki/latest/sewiki-latest-pages-articles.xml.bz2,01-May-2016,2627435
Sango,sg,sgwiki,http://dumps.wikimedia.org/sgwiki/latest/sgwiki-latest-pages-articles.xml.bz2,01-May-2016,227203
Serbo-Croatian,sh,shwiki,http://dumps.wikimedia.org/shwiki/latest/shwiki-latest-pages-articles.xml.bz2,01-May-2016,333677692
Simple English,simple,simplewiki,http://dumps.wikimedia.org/simplewiki/latest/simplewiki-latest-pages-articles.xml.bz2,01-May-2016,117625968
Sinhalese,si,siwiki,http://dumps.wikimedia.org/siwiki/latest/siwiki-latest-pages-articles.xml.bz2,01-May-2016,27505351
Slovak,sk,skwiki,http://dumps.wikimedia.org/skwiki/latest/skwiki-latest-pages-articles.xml.bz2,01-May-2016,176968348
Slovenian,sl,slwiki,http://dumps.wikimedia.org/slwiki/latest/slwiki-latest-pages-articles.xml.bz2,01-May-2016,160639782
Samoan,sm,smwiki,http://dumps.wikimedia.org/smwiki/latest/smwiki-latest-pages-articles.xml.bz2,01-May-2016,553105
Shona,sn,snwiki,http://dumps.wikimedia.org/snwiki/latest/snwiki-latest-pages-articles.xml.bz2,01-May-2016,1087611
Somali,so,sowiki,http://dumps.wikimedia.org/sowiki/latest/sowiki-latest-pages-articles.xml.bz2,01-May-2016,5072380
Albanian,sq,sqwiki,http://dumps.wikimedia.org/sqwiki/latest/sqwiki-latest-pages-articles.xml.bz2,01-May-2016,55574424
Sranan,srn,srnwiki,http://dumps.wikimedia.org/srnwiki/latest/srnwiki-latest-pages-articles.xml.bz2,01-May-2016,582392
Serbian,sr,srwiki,http://dumps.wikimedia.org/srwiki/latest/srwiki-latest-pages-articles.xml.bz2,01-May-2016,316662707
Swati,ss,sswiki,http://dumps.wikimedia.org/sswiki/latest/sswiki-latest-pages-articles.xml.bz2,01-May-2016,433168
Saterland Frisian,stq,stqwiki,http://dumps.wikimedia.org/stqwiki/latest/stqwiki-latest-pages-articles.xml.bz2,01-May-2016,2650787
Sesotho,st,stwiki,http://dumps.wikimedia.org/stwiki/latest/stwiki-latest-pages-articles.xml.bz2,01-May-2016,271234
Sundanese,su,suwiki,http://dumps.wikimedia.org/suwiki/latest/suwiki-latest-pages-articles.xml.bz2,01-May-2016,15451113
Swedish,sv,svwiki,http://dumps.wikimedia.org/svwiki/latest/svwiki-latest-pages-articles.xml.bz2,01-May-2016,1119297125
Swahili,sw,swwiki,http://dumps.wikimedia.org/swwiki/latest/swwiki-latest-pages-articles.xml.bz2,01-May-2016,20411618
Silesian,szl,szlwiki,http://dumps.wikimedia.org/szlwiki/latest/szlwiki-latest-pages-articles.xml.bz2,01-May-2016,2715382
Tamil,ta,tawiki,http://dumps.wikimedia.org/tawiki/latest/tawiki-latest-pages-articles.xml.bz2,01-May-2016,101733267
Tetum,tet,tetwiki,http://dumps.wikimedia.org/tetwiki/latest/tetwiki-latest-pages-articles.xml.bz2,01-May-2016,685129
Telugu,te,tewiki,http://dumps.wikimedia.org/tewiki/latest/tewiki-latest-pages-articles.xml.bz2,01-May-2016,88124556
Tajik,tg,tgwiki,http://dumps.wikimedia.org/tgwiki/latest/tgwiki-latest-pages-articles.xml.bz2,01-May-2016,16898691
Thai,th,thwiki,http://dumps.wikimedia.org/thwiki/latest/thwiki-latest-pages-articles.xml.bz2,01-May-2016,192749941
Tigrinya,ti,tiwiki,http://dumps.wikimedia.org/tiwiki/latest/tiwiki-latest-pages-articles.xml.bz2,01-May-2016,241738
Turkmen,tk,tkwiki,http://dumps.wikimedia.org/tkwiki/latest/tkwiki-latest-pages-articles.xml.bz2,01-May-2016,3323486
Tagalog,tl,tlwiki,http://dumps.wikimedia.org/tlwiki/latest/tlwiki-latest-pages-articles.xml.bz2,01-May-2016,37028904
Tswana,tn,tnwiki,http://dumps.wikimedia.org/tnwiki/latest/tnwiki-latest-pages-articles.xml.bz2,01-May-2016,981639
Tongan,to,towiki,http://dumps.wikimedia.org/towiki/latest/towiki-latest-pages-articles.xml.bz2,01-May-2016,694844
Tok Pisin,tpi,tpiwiki,http://dumps.wikimedia.org/tpiwiki/latest/tpiwiki-latest-pages-articles.xml.bz2,01-May-2016,1254812
Turkish,tr,trwiki,http://dumps.wikimedia.org/trwiki/latest/trwiki-latest-pages-articles.xml.bz2,01-May-2016,380467743
Tsonga,ts,tswiki,http://dumps.wikimedia.org/tswiki/latest/tswiki-latest-pages-articles.xml.bz2,01-May-2016,505430
Tatar,tt,ttwiki,http://dumps.wikimedia.org/ttwiki/latest/ttwiki-latest-pages-articles.xml.bz2,01-May-2016,40020027
Tumbuka,tum,tumwiki,http://dumps.wikimedia.org/tumwiki/latest/tumwiki-latest-pages-articles.xml.bz2,01-May-2016,207166
Twi,tw,twwiki,http://dumps.wikimedia.org/twwiki/latest/twwiki-latest-pages-articles.xml.bz2,01-May-2016,156108
Tuvan,tyv,tyvwiki,http://dumps.wikimedia.org/tyvwiki/latest/tyvwiki-latest-pages-articles.xml.bz2,01-May-2016,1196930
Tahitian,ty,tywiki,http://dumps.wikimedia.org/tywiki/latest/tywiki-latest-pages-articles.xml.bz2,01-May-2016,376894
Udmurt,udm,udmwiki,http://dumps.wikimedia.org/udmwiki/latest/udmwiki-latest-pages-articles.xml.bz2,01-May-2016,1733435
Uyghur,ug,ugwiki,http://dumps.wikimedia.org/ugwiki/latest/ugwiki-latest-pages-articles.xml.bz2,01-May-2016,4377221
Ukrainian,uk,ukwiki,http://dumps.wikimedia.org/ukwiki/latest/ukwiki-latest-pages-articles.xml.bz2,01-May-2016,876786938
Urdu,ur,urwiki,http://dumps.wikimedia.org/urwiki/latest/urwiki-latest-pages-articles.xml.bz2,01-May-2016,78421860
Uzbek,uz,uzwiki,http://dumps.wikimedia.org/uzwiki/latest/uzwiki-latest-pages-articles.xml.bz2,01-May-2016,48622084
Venetian,vec,vecwiki,http://dumps.wikimedia.org/vecwiki/latest/vecwiki-latest-pages-articles.xml.bz2,01-May-2016,9036147
Vepsian,vep,vepwiki,http://dumps.wikimedia.org/vepwiki/latest/vepwiki-latest-pages-articles.xml.bz2,01-May-2016,2142482
Venda,ve,vewiki,http://dumps.wikimedia.org/vewiki/latest/vewiki-latest-pages-articles.xml.bz2,01-May-2016,221989
Vietnamese,vi,viwiki,http://dumps.wikimedia.org/viwiki/latest/viwiki-latest-pages-articles.xml.bz2,01-May-2016,443497930
West Flemish,vls,vlswiki,http://dumps.wikimedia.org/vlswiki/latest/vlswiki-latest-pages-articles.xml.bz2,01-May-2016,5411485
Volapôk,vo,vowiki,http://dumps.wikimedia.org/vowiki/latest/vowiki-latest-pages-articles.xml.bz2,01-May-2016,19510854
Waray-Waray,war,warwiki,http://dumps.wikimedia.org/warwiki/latest/warwiki-latest-pages-articles.xml.bz2,01-May-2016,191772693
Walloon,wa,wawiki,http://dumps.wikimedia.org/wawiki/latest/wawiki-latest-pages-articles.xml.bz2,01-May-2016,7094220
Wolof,wo,wowiki,http://dumps.wikimedia.org/wowiki/latest/wowiki-latest-pages-articles.xml.bz2,01-May-2016,1471932
Wu,wuu,wuuwiki,http://dumps.wikimedia.org/wuuwiki/latest/wuuwiki-latest-pages-articles.xml.bz2,01-May-2016,3773511
Kalmyk,xal,xalwiki,http://dumps.wikimedia.org/xalwiki/latest/xalwiki-latest-pages-articles.xml.bz2,01-May-2016,1375585
Xhosa,xh,xhwiki,http://dumps.wikimedia.org/xhwiki/latest/xhwiki-latest-pages-articles.xml.bz2,01-May-2016,737264
Mingrelian,xmf,xmfwiki,http://dumps.wikimedia.org/xmfwiki/latest/xmfwiki-latest-pages-articles.xml.bz2,01-May-2016,5855726
Yiddish,yi,yiwiki,http://dumps.wikimedia.org/yiwiki/latest/yiwiki-latest-pages-articles.xml.bz2,01-May-2016,9112356
Yoruba,yo,yowiki,http://dumps.wikimedia.org/yowiki/latest/yowiki-latest-pages-articles.xml.bz2,01-May-2016,9089563
Zhuang,za,zawiki,http://dumps.wikimedia.org/zawiki/latest/zawiki-latest-pages-articles.xml.bz2,01-May-2016,489413
Zeelandic,zea,zeawiki,http://dumps.wikimedia.org/zeawiki/latest/zeawiki-latest-pages-articles.xml.bz2,01-May-2016,2149122
Classical Chinese,zh-classical,zh_classicalwiki,http://dumps.wikimedia.org/zh_classicalwiki/latest/zh_classicalwiki-latest-pages-articles.xml.bz2,01-May-2016,9057808
Min Nan,zh-min-nan,zh_min_nanwiki,http://dumps.wikimedia.org/zh_min_nanwiki/latest/zh_min_nanwiki-latest-pages-articles.xml.bz2,01-May-2016,20285515
Cantonese,zh-yue,zh_yuewiki,http://dumps.wikimedia.org/zh_yuewiki/latest/zh_yuewiki-latest-pages-articles.xml.bz2,01-May-2016,30841762
Chinese,zh,zhwiki,http://dumps.wikimedia.org/zhwiki/latest/zhwiki-latest-pages-articles.xml.bz2,01-May-2016,1256296165
Chinese,zh,zhwiki,http://dumps.wikimedia.org/zhwiki/latest/zhwiki-latest-pages-articles1.xml.bz2,01-May-2016,179745394
Chinese,zh,zhwiki,http://dumps.wikimedia.org/zhwiki/latest/zhwiki-latest-pages-articles2.xml.bz2,01-May-2016,246115969
Chinese,zh,zhwiki,http://dumps.wikimedia.org/zhwiki/latest/zhwiki-latest-pages-articles3.xml.bz2,01-May-2016,364023580
Chinese,zh,zhwiki,http://dumps.wikimedia.org/zhwiki/latest/zhwiki-latest-pages-articles4.xml.bz2,01-May-2016,466340541
Zulu,zu,zuwiki,http://dumps.wikimedia.org/zuwiki/latest/zuwiki-latest-pages-articles.xml.bz2,01-May-2016,1146305
